0,0,0
4.49228360950869e-05,0,0.000470754294564034
0.000226207118298273,2.67641442074278e-05,0.00120371838652117
0.000554555120236588,0.000141391449693464,0.00198374400531499
0.0010084921958156,0.000361890021167002,0.00280748395206162
0.0015500118438185,0.000673100313153231,0.003651773428881
0.00213473551567285,0.00104299540945928,0.00448438493353694
0.00271840572734512,0.00143317131626617,0.00527100883448223
0.00326045325006556,0.00180499621940563,0.00597921998845033
0.00372569813828393,0.00212296264839027,0.0065805060962828
0.00408492193782188,0.00235630122843848,0.00705110801920215
0.00431478725639125,0.00247954497854439,0.00737215876623692
0.00439740537449515,0.0024724853240922,0.00752943052634973
0.00431973793590438,0.00231979829192287,0.00751288300025318
0.00407294468574407,0.00201051338471964,0.0073161309826264
0.00365174187551097,0.00153742915673279,0.00693590075192552
0.00305380610654187,0.00089653571346025,0.00637151409071862
0.00227923992661454,8.64767209494068e-05,0.00562441955643705
0.00133010439339386,-0.000891933602799563,0.00469777890085959
0.000210017418408764,-0.00203613335553458,0.00359610962649054
-0.00107618673239364,-0.00334217648391291,0.00232498081566024
-0.00256766571463215,-0.00480504101059029,0.000420002067942182
-0.00434939883186434,-0.00644565157145808,-0.00190334079346755
-0.006425130725836,-0.00831866454121493,-0.00442255481481812
-0.00876609184204622,-0.0104352192109687,-0.00712668338669897
-0.0113267751036282,-0.0127730063472864,-0.00998479917763651
-0.0140552022339662,-0.015292686992774,-0.0129568504320253
-0.0168995020449882,-0.0179484785469766,-0.016000717044261
-0.0198115448220482,-0.0206943805288917,-0.0190762392356901
-0.0227486955807475,-0.0234875870103606,-0.0221472960919322
-0.0256744262305349,-0.0262901471225499,-0.0251826854162041
-0.0285582651797086,-0.0290695650120353,-0.0281562928382459
-0.0313753870645964,-0.0317987825274121,-0.0310468608542418
-0.034106030307806,-0.0344558249070986,-0.0338375523820773
-0.0367348558258011,-0.0370232834667728,-0.0365154280601103
-0.0392503125810696,-0.0394877405310893,-0.0390709080052172
-0.0416440455927804,-0.041839197808266,-0.0414972578524808
-0.0439103633723152,-0.0440705415598192,-0.0437901195228683
-0.0460457704980166,-0.0461770606329391,-0.0459470952774745
-0.048048564526643,-0.0481560229727713,-0.0479673865587182
-0.049918492912916,-0.0500063101607155,-0.0498514851407779
-0.0516564639357367,-0.0517281062221182,-0.0516009120719496
-0.0532643050744961,-0.0533226353618887,-0.0532179990363988
-0.0547445623701957,-0.0547919427397541,-0.0547057066173433
-0.0561003347464767,-0.0561387124523764,-0.0560674741953655
-0.0573351378707601,-0.0573661172720879,-0.0573070966691427
-0.0584527927946241,-0.0584776952307053,-0.0584286237289602
-0.0594573352611076,-0.0594772487287021,-0.0594362779659194
-0.0603529421703144,-0.0603687624351763,-0.060334388629939
-0.0611438722373225,-0.0611563367901939,-0.0611273383333018
-0.0618344183527499,-0.061844134412854,-0.0618195204243106
-0.0624288695676061,-0.0624363371506661,-0.0624153051290519
-0.0629314809748219,-0.0629371118793527,-0.0629190128794024
-0.0633464500562909,-0.0633505834809725,-0.0633348935159268
-0.0636778983130368,-0.063680813697811,-0.0636671102832653
-0.0639298572037827,-0.0639317847857852,-0.0639197277251489
-0.0641062575898133,-0.0641073870800703,-0.0640967027464989
-0.0642109220270256,-0.0642114097427609,-0.0642018782402904
-0.0642475593642351,-0.0642475340925612,-0.0642389787854745
-0.0642197612042534,-0.0642193290240925,-0.0642116080131268
-0.0641309998644805,-0.0641302481131391,-0.064123247309773
-0.0639846275397219,-0.0639836280772175,-0.0639772555883518
-0.0637838764241257,-0.063782688320931,-0.0637768699072834
-0.0635318595936263,-0.0635305313449243,-0.0635252067573426
-0.0632315724867248,-0.0632301438377689,-0.0632252638709718
-0.0628858948513744,-0.0628843983033215,-0.0628799224342815
-0.0624975930502349,-0.0624960551033458,-0.0624919496058531
-0.0620693226366418,-0.0620677648175144,-0.0620640012633493
-0.061603631130057,-0.0616020708411878,-0.0615986249145988
-0.0611029609332706,-0.0611014121563391,-0.0610982627217678
-0.0605696523446041,-0.0605681262232643,-0.0605652545969924
-0.060005946627408,-0.0600044519507465,-0.0600018413362524
-0.0594139891065232,-0.0594125327105542,-0.0594101677648884
-0.0587958322673953,-0.0587944193688777,-0.0587922858732446
-0.0581534388384896,-0.0581520733127925,-0.0581501579253403
-0.0574886848416697,-0.0574873694543387,-0.0574856595280706
-0.0568033625985055,-0.0568020991984688,-0.0568005826494478
-0.0560991836831611,-0.0560979733641171,-0.0560966385788397
-0.0553777818147125,-0.0553766250500839,-0.0553754608226917
-0.0546407156835209,-0.0546396124394264,-0.0546386079313268
-0.0538894717077643,-0.0538884215376659,-0.0538875662538265
-0.0531254667173761,-0.0531244688414496,-0.0531237526184927
-0.0523500505636398,-0.0523491039353625,-0.0523485169381357
-0.0515645086534238,-0.0515636120154707,-0.0515631447390876
-0.0507700644076931,-0.0507692163388612,-0.0507688596139628
-0.0499678816444303,-0.0499670805990183,-0.0499668255988737
-0.0491590668864835,-0.0491583112273303,-0.0491581494752431
-0.0483446715952003,-0.0483439596213694,-0.048343882997719
-0.0475256943309434,-0.0475250243008851,-0.0475250250491297
-0.0467030828417832,-0.0467024529926695,-0.0467025237238419
-0.0458777360818144,-0.0458771446456287,-0.0458772783411217
-0.0450505061606498,-0.0450499513775251,-0.0450501413901199
-0.0442222002257429,-0.0442216803549538,-0.0442219204077849
-0.0433935822792298,-0.0433930956081929,-0.0433933797920769
-0.0425653749310306,-0.0425649197826087,-0.0425652425514831
-0.0417382610899761,-0.0417378358283306,-0.0417381919932174
-0.0409128855947196,-0.0409124886299306,-0.0409128733513162
-0.0400898567862071,-0.0400894865778377,-0.0400898953567639
-0.0392697480234551,-0.0392694030832197,-0.0392698317512843
-0.0384530991443788,-0.0384527780380435,-0.0384532227464431
-0.0376404178733785,-0.0376401192220133,-0.037640576429752
-0.0368321811773767,-0.0368319036580514,-0.0368323701195554
-0.0360288365719514,-0.0360285789179687,-0.0360290516701354
-0.0352308033791996,-0.0352305643799264,-0.0352310407289225
-0.0344384739388989,-0.0344382524392723,-0.0344387299470736
-0.0336522147745294,-0.033652009674283,-0.0336524861450234
-0.0328723677156568,-0.0328721779683177,-0.0328726514348148
-0.032099250978148,-0.0320990755898469,-0.0320995443000407
-0.0313331602036502,-0.0313329982317789,-0.0313334606355351
-0.0305743694597243,-0.0305742200114725,-0.0305746747474291
-0.0298231322019857,-0.029822994432782,-0.0298234403156621
-0.0290796821995596,-0.0290795553114441,-0.0290799913196991
-0.0283442344251318,-0.0283441176650754,-0.0283445429288216
-0.0276169859108227,-0.0276168785690155,-0.0276172923585007
-0.0268981165710883,-0.0268980179792083,-0.0268984196937563
-0.026187789993804,-0.026187699523281,-0.026188088680605
-0.0254861542006581,-0.0254860712609434,-0.0254864474871161
-0.0247933423779425,-0.0247932664147929,-0.0247936294344995
-0.0241094735787938,-0.0241094040725797,-0.0241097537001274
-0.0234346533979047,-0.0234345898619472,-0.023434925992579
-0.0227689746196923,-0.0227689165986365,-0.0227692392004064
-0.0221125178408783,-0.022112464909105,-0.0221127740153184
-0.0214653520684014,-0.021465303828483,-0.0214655995305257
-0.0208275352935553,-0.0208274913747591,-0.0208277738153919
-0.0201991150432154,-0.0201990751000533,-0.0201993444673212
-0.0195801289089841,-0.0195800926198146,-0.0195803491411657
-0.0189706050550625,-0.0189705721207437,-0.0189708160576929
-0.0183705627056246,-0.0183705328482192,-0.0183707644914461
-0.0177800126124464,-0.0177799855739787,-0.0177802052388167
-0.0171989575035131,-0.0171989330447793,-0.0171991410670356
-0.0166273925133066,-0.0166273704127364,-0.0166275671448455
-0.0160653055954473,-0.0160652856480186,-0.0160654714555761
-0.0155126779183484,-0.0155126599345495,-0.0155128351931353
-0.0149694842445022,-0.0149694680493481,-0.0149696331416891
-0.0144356932940186,-0.0144356787261129,-0.0144358340394803
-0.0139112680929946,-0.0139112550036397,-0.0139114009275643
-0.0133961663072834,-0.013396154559637,-0.0133962914837449
-0.0128903405622088,-0.0128903300304853,-0.0128904583427154
-0.0123937387487541,-0.0123937293174686,-0.0123938494024389
-0.01190630431673,-0.0119062958799848,-0.0119064081175266
-0.0114279765554157,-0.0114279690162269,-0.0114280737801451
-0.0109586908621444,-0.010958684131806,-0.0109587817887875
-0.0104983789992882,-0.0104983729967752,-0.0104984639054644
-0.0100469693400854,-0.0100469639914908,-0.0100470485017241
-0.00960438710373111,-0.00960438234173754,-0.00960446079385102
-0.0091705545801424,-0.00917055034352657,-0.0091706230677433
-0.00874539134479113,-0.00874538757795855,-0.00874545489414391
-0.00832881446398574,-0.0083288111165347,-0.00832887333373211
-0.00792073869096641,-0.00792073571728119,-0.00792079313349858
-0.00752107665317021,-0.00752107401203931,-0.00752112691410489
-0.00712973903100302,-0.00712973668526393,-0.00712978534865782
-0.00674663472844954,-0.00674663264465675,-0.00674667733361178
-0.00637167103583628,-0.00637166918395178,-0.00637171015138649
-0.00600475378505228,-0.00600475213815803,-0.0060047896258022
-0.00564578749752247,-0.0056457860315525,-0.00564582027002025
-0.00529467552521583,-0.00529467421870762,-0.005294705427761
-0.00495132018496195,-0.00495131901882535,-0.00495134740747538
-0.00461562288633768,-0.00461562184364162,-0.00461564761039046
-0.00428748425337935,-0.00428748331915332,-0.00428750665226518
-0.00396680424036214,-0.00396680340141342,-0.00396682447923613
-0.00365348224188399,-0.00365348148662814,-0.00365350047776514
-0.0033474171974787,-0.00334741651578379,-0.00334743357948208
-0.00304850769097785,-0.0030485070740205,-0.00304852236043729
-0.00275665204483095,-0.00275665148496405,-0.00275666513552264
-0.00247174840958658,-0.00247174790021764,-0.00247176004793959
-0.00219369484872938,-0.00219369438420903,-0.00219370515399864
-0.00192238941906115,-0.00192238899458067,-0.00192239850356235
-0.00165773024680621,-0.00165772985830407,-0.00165773821615733
-0.00139961559961596,-0.00139961524369223,-0.0013996225529902
-0.00114794395463985,-0.00114794362847822,-0.00114794998498668
-0.000902614062824648,-0.000902613764121387,-0.000902619257126425
-0.000663525009597251,-0.000663524736496683,-0.00066352944913306
-0.000430576272081069,-0.000430576023116957,-0.000430580032657168
-0.000203667772989849,-0.000203667547032415,-0.000203670925218669
1.73000686620634e-05,1.73002724540466e-05,1.72974591827746e-05
0.000232426289899515,0.000232426472121856,0.000232424162310174
0.000441809339047836,0.000441809500089689,0.000441807636954339
0.000645547033791699,0.000645547173870397,0.000645545705113326
0.000843736521912644,0.0008437366411047,0.000843735518592181
0.00103647424459045,0.00103647434285927,0.00103647352239955
0.00122385590215815,0.00122385597937858,0.00122385542050241
0.00140597642220448,0.00140597647818447,0.00140597614386517
0.00158292992992159,0.00158292996442138,0.0015829298209038
0.0017548097205999,0.00175480973334871,0.00175480974992737
0.00192170823417545,0.00192170822488602,0.00192170837369465
0.0020837170317389,0.00208371700012007,0.00208371725593914
0.00224092677391857,0.0022409267196861,0.00224092705979806
0.00239342720105365,0.00239342712393937,0.00239342752791161
0.00254130711507647,0.00254130701483601,0.0025413074643732
0.00268465436302619,0.00268465423944539,0.00268465471825197
0.00282355582211905,0.00282355567501913,0.00282355616863916
0.00295809738630334,0.00295809721554507,0.00295809771119449
0.00308836395422989,0.00308836375971684,0.00308836424620229
0.00321443941857183,0.00321443920025261,0.00321443966780466
0.00333640665662952,0.00333640641449946,0.0033364068546875
0.00345434752215946,0.00345434725626153,0.0034543476618607
0.00356834283836826,0.00356834254879343,0.00356834291370967
0.00367847239201489,0.00367847207890195,0.00367847239803298
0.00378481492856684,0.00378481459210191,0.00378481486129001
0.00388744814835822,0.0038874477887736,0.00388744800469709
0.00398644870369888,0.00398644832127195,0.00398644848137608
0.00408189219688734,0.00408189179193882,0.0040818918943526
0.00417385317908038,0.00417385275197265,0.00417385279543403
0.00426240514997544,0.00426240470111047,0.00426240468492201
0.00434762055826282,0.0043476200880801,0.00434762001203226
0.00442957080280701,0.00442957031178135,0.00442957017611278
0.00450832623451813,0.00450832572315703,0.00450832552850877
0.0045839561588747,0.00458395562771632,0.00458395537505796
0.00465652883906335,0.00465652828867374,0.00465652797926941
0.00472611149969895,0.00472611093066994,0.00472611056606098
0.00479277033109389,0.0047927697440402,0.00479276932596773
0.00485657049404254,0.00485656988959969,0.00485656941999513
0.0049175761250922,0.00491757550391401,0.00491757498486156
0.00497585034227031,0.00497584970502648,0.00497584913876192
0.00503145525123998,0.0050314545986139,0.00503145398745763
0.00508445195185755,0.00508445128454379,0.00508445063091978
0.00513490054510524,0.00513489986380776,0.00513489917016785
0.00518286014037615,0.00518285944580581,0.00518285871464497
0.00522838886308575,0.00522838815595871,0.00522838738981757
0.00527154386258967,0.00527154314362512,0.00527154234503047
0.00531238132038428,0.00531238059030278,0.00531237976178978
0.00535095645857041,0.00535095571809221,0.00535095486215931
0.00538732354856058,0.00538732279840377,0.00538732191750668
0.00542153592001025,0.00542153516088922,0.00542153425747993
0.00545364596995521,0.00545364520257941,0.0054536442790466
0.00548370517213858,0.00548370439721092,0.00548370345586546
0.00551176408651005,0.00551176330472574,0.00551176234785122
0.0055378723688822,0.0055378715809275,0.00553787061073419
0.0055620787807287,0.00556207798727989,0.00556207700586897
0.00558443119911027,0.00558443040083261,0.0055844294102797
0.00560497662671464,0.00560497582426136,0.00560497482653766
0.00562376120199722,0.00562376039600895,0.00562375939301341
0.00564083020941103,0.00564082940051476,0.00564082839404489
0.00565622808971298,0.00565622727852144,0.00565622627031159
0.00566999845033578,0.00566999763744691,0.00566999662916634
0.00568218407581505,0.00568218326181135,0.00568218225500727
0.00569282693826077,0.00569282612370905,0.00569282511985847
0.00570196820786441,0.00570196739331507,0.00570196639382325
0.0057096482634313,0.00570964744941824,0.00570964645559968
0.00571590670293066,0.00571590588997093,0.0057159049030725
0.00572078235405446,0.00572078154264798,0.00572078056382364
0.00572431328477716,0.00572431247540667,0.00572431150572605
0.00572653681390942,0.00572653600704026,0.00572653504752108
0.0057274895216382,0.00572748871771821,0.00572748776926191
0.00572720726004672,0.00572720645950635,0.00572720552297179
0.00572572516360837,0.00572572436686054,0.00572572344303135
0.00572307765964793,0.00572307686708824,0.00572307595669685
0.00571929847876529,0.00571929769077191,0.00571929679446437
0.00571442066521541,0.00571441988214946,0.00571441900051806
0.00570847658724069,0.00570847580944613,0.00570847494302562
0.0057014979473499,0.00570149717515385,0.00570149632441008
0.00569351579253987,0.00569351502625293,0.0056935141915978
0.00568456052445629,0.00568455976437237,0.0056845589461727
0.00567466190948796,0.0056746611558851,0.00567466035445252
0.00566384908879348,0.0056638483419336,0.00566384755752858
0.00565215058825434,0.00565214984838383,0.00565214908122991
0.00563959432835301,0.00563959359570306,0.00563959284597382
0.00562620763397266,0.00562620690875937,0.00562620617659226
0.00561201724411503,0.00561201652654001,0.00561201581202464
0.00559704932153523,0.00559704861178567,0.00559704791499083
0.00558132946228982,0.00558132876053886,0.00558132808147926
0.0055648827051964,0.00556488201160386,0.00556488135026656
0.00554773354120364,0.00554773285591598,0.00554773221226867
0.0055299059226684,0.00552990524581926,0.00552990461980196
0.00551142327253926,0.00551142260424988,0.00551142199575838
0.00549230849344488,0.00549230783382433,0.00549230724274052
0.0054725839766851,0.00547258332583089,0.00547258275202245
0.00545227161112483,0.00545227096912294,0.00545227041242358
0.00543139279198783,0.00543139215891351,0.00543139161914741
0.00540996842955158,0.00540996780546933,0.0054099672824367
0.00538801895774004,0.00538801834270439,0.00538801783618792
0.00536556434261568,0.00536556373667137,0.00536556324644399
0.00534262409076888,0.0053426234939511,0.00534262301977406
0.00531921725760432,0.00531921666993916,0.00531921621155806
0.00529536245552404,0.00529536187702905,0.00529536143417142
0.00527107786200729,0.00527107729269164,0.00527107686509742
0.00524638122758599,0.00524638066745099,0.00524638025482571
0.00522128988371677,0.00522128933275595,0.00522128893481844
0.00519582075054827,0.00519582020874784,0.00519581982518869
0.00516999034458428,0.00516998981192377,0.00516998944244718
0.00514381478624348,0.00514381426269568,0.00514381390699548
0.0051173098073146,0.00511730929284601,0.00511730895061191
0.005090490758308,0.00509049025287914,0.00509048992379957
0.00506337261570372,0.00506337211926947,0.00506337180303529
0.00503596998909634,0.00503596950160625,0.00503596919789184
0.00500829712823704,0.00500829664963563,0.0050082963581296
0.00498036792997326,0.00498036746020023,0.0049803671805867
0.00495219594508632,0.0049521954840769,0.00495219521603918
0.00492379438502769,0.00492379393271292,0.00492379367593665
0.00489517612855441,0.00489517568486134,0.00489517543904128
0.00486635372826412,0.00486635329311608,0.00486635305794236
0.00483733941703047,0.00483733899034737,0.00483733876550546
0.00480814511433959,0.00480814469603821,0.00480814448121963
0.00477878243252852,0.00477878202252244,0.00477878181743252
0.0047492626829253,0.00474926228112562,0.00474926208547155
0.00471959688189352,0.00471959648820855,0.00471959630169255
0.0046897957567795,0.00468979537111544,0.00468979519344614
0.00465986975176557,0.00465986937402636,0.00465986920491662
0.00462982903362812,0.00462982866371571,0.00462982850288157
0.00459968349740237,0.00459968313521708,0.00459968298238539
0.00456944277195487,0.00456944241739538,0.00456944227228839
0.00453911622546396,0.00453911587842748,0.0045391157407868
0.00450871297080929,0.00450871263119192,0.00450871250075918
0.00447824187087186,0.00447824153856872,0.00447824141508912
0.00444771154374519,0.00444771121865024,0.00444771110187125
0.00441713036785782,0.00441713004986441,0.00441712993954985
0.00438650648700962,0.00438650617601036,0.0043865060719126
0.00435584781532146,0.00435584751120848,0.00435584741309258
0.00432516204210012,0.00432516174476518,0.00432516165240565
0.00429445663661898,0.00429445634595358,0.00429445625912661
0.0042637388528159,0.00426373856871129,0.00426373848720152
0.0042330157339085,0.00423301545625597,0.00423301537984849
0.0042022941169288,0.00420229384561976,0.00420229377411213
0.00417158063717791,0.00417158037210378,0.00417158030529863
0.00414088173260105,0.00414088147365358,0.00414088141135499
0.00411020364808515,0.00411020339515644,0.00411020333717582
0.00407955243967905,0.00407955219266166,0.00407955213881905
0.00404893397873792,0.00404893373752491,0.00404893368764087
0.0040183539559926,0.00401835372047754,0.00401835367438097
0.00398781788554492,0.00398781765562196,0.00398781761314893
0.0039573311087898,0.00395733088435397,0.003957330845339
0.0039268987982661,0.00392689857921299,0.00392689854349987
0.00389652596143556,0.00389652574766174,0.00389652571509724
0.00386621744439261,0.00386621723579543,0.00386621720623676
0.00383597793550468,0.00383597773198245,0.00383597770528565
0.00380581196898479,0.00380581177043677,0.00380581174646744
0.00377572392839698,0.00377572373472356,0.00377572371334373
0.00374571805009615,0.00374571786119862,0.00374571784228522
0.00371579842660229,0.00371579824238312,0.00371579822580975
0.00368596900991114,0.00368596883027389,0.0036859688159207
0.00365623361474154,0.00365623343959091,0.00365623342734572
0.00362659592172077,0.00362659575096261,0.00362659574071889
0.00359705948050854,0.00359705931404994,0.00359705930569781
0.00356762771286103,0.00356762755061027,0.00356762754405043
0.00353830391563533,0.00353830375750199,0.00353830375263509
0.00350909126373583,0.00350909110963074,0.00350909110636222
0.003479992813003,0.00347999266283821,0.00347999266107429
0.00345101150304557,0.00345101135673448,0.00345101135639081
0.00342215016001733,0.00342215001747461,0.00342215001846863
0.00339341149933903,0.00339341136048062,0.0033934113627313
0.0033647981283664,0.00336479799310961,0.00336479799653527
0.00333631254900538,0.00333631241726882,0.00333631242180132
0.00330795716027514,0.00330795703197877,0.00330795703754477
0.00327973426081999,0.00327973413588504,0.00327973414241717
0.00325164605137072,0.00325164592971978,0.00325164593715233
0.00322369463715655,0.00322369451871356,0.00322369452698545
0.00319588203026839,0.0031958819149586,0.00319588192401077
0.00316821015197417,0.00316821003972413,0.00316821004949736
0.00314068083498709,0.00314068072572467,0.00314068073616763
0.00311329582568757,0.00311329571934197,0.00311329573040098
0.00308605678629986,0.00308605668280159,0.00308605669442424
0.00305896529702389,0.00305896519630474,0.00305896520844773
0.00303202285812314,0.00303202276011619,0.00303202277273695
0.00300523089196946,0.00300523079660909,0.00300523080965959
0.00297859074504552,0.00297859065226736,0.00297859066571035
0.00295210368990546,0.00295210359964643,0.00295210361343987
0.00292577092709476,0.00292577083929306,0.00292577085340587
0.00289959358703,0.00289959350162498,0.00289959351601976
0.0028735727318389,0.00287357264877116,0.00287357266341084
0.00284770935716172,0.00284770927637316,0.00284770929123113
0.00282200439391474,0.00282200431534839,0.00282200433039509
0.00279645871001617,0.00279645863361622,0.00279645864882166
0.00277107311207529,0.00277107303778719,0.00277107305312316
0.00274584834704589,0.00274584827481615,0.00274584829025828
0.00272078510384391,0.00272078503362024,0.00272078504914583
0.00269588401493064,0.00269588394666187,0.00269588396225004
0.00267114565786174,0.00267114559149779,0.00267114560712506
0.00264657055680274,0.00264657049229466,0.00264657050794467
0.00262215918401181,0.0026221591213117,0.00262215913696326
0.00259791196129016,0.00259791190035122,0.00259791191598546
0.00257382926140095,0.0025738292021774,0.00257382921778326
0.00254991140945704,0.00254991135190416,0.00254991136746041
0.00252615868427841,0.00252615862835247,0.0025261586438465
0.00250257131971956,0.00250257126537783,0.00250257128079945
0.00247914950596764,0.00247914945316842,0.00247914946850286
0.00245589339081195,0.00245589333951446,0.00245589335474863
0.00243280308088504,0.00243280303104946,0.00243280304617283
0.00240987864287625,0.00240987859446366,0.00240987860946654
0.00238712010471802,0.00238712005769046,0.00238712007256434
0.00236452745674572,0.00236452741106611,0.00236452742580026
0.00234210065283119,0.00234210060846337,0.00234210062305351
0.00231983961149089,0.00231983956839954,0.00231983958283696
0.00229774421696877,0.00229774417511942,0.0022977441893986
0.00227581432029464,0.00227581427965366,0.00227581429376536
0.0022540497403183,0.00225404970085286,0.00225404971479351
0.00223245026472013,0.00223245022639821,0.00223245024016222
0.00221101565099835,0.00221101561378872,0.00221101562737114
0.00218974562743365,0.00218974559130589,0.00218974560470442
0.00216863989403149,0.00216863985895592,0.0021686398721649
0.00214769812344263,0.00214769808939025,0.00214769810240789
0.00212691996186203,0.00212691992880461,0.00212691994162945
0.00210630502990696,0.00210630499781703,0.00210630501044698
0.00208585292347459,0.00208585289232529,0.00208585290475657
0.00206556321457913,0.00206556318434436,0.00206556319657569
0.00204543545216966,0.00204543542282389,0.00204543543485344
0.00202546916292808,0.00202546913444652,0.00202546914627391
0.00200566385204863,0.00200566382440708,0.0020056638360311
0.00198601900399846,0.00198601897717332,0.0019860189885948
0.00196653408326011,0.00196653405722845,0.0019665340684471
0.00194720853505625,0.00194720850979571,0.00194720852081071
0.0019280417860568,0.00192804176154564,0.00192804177235958
0.00190903324506919,0.00190903322128618,0.00190903323189859
0.00189018230371153,0.00189018228063603,0.00189018229104818
0.00187148833706967,0.00187148831468156,0.00187148832489492
0.00185295070433798,0.00185295068261769,0.00185295069263014
0.00183456874944455,0.00183456872837303,0.00183456873818849
0.00181634180166087,0.00181634178121956,0.00181634179083881
0.00179826917619646,0.00179826915636731,0.00179826916579215
0.0017803501747787,0.00178035015554416,0.00178035016477693
0.00176258408621832,0.00176258406756128,0.0017625840766019
0.00174497018696049,0.00174497016886433,0.00174497017771755
0.00172750774162228,0.0017275077240708,0.00172750773273603
0.0017101960035164,0.00171019598649384,0.00171019599497516
0.0016930342151617,0.00169303419865275,0.00169303420694999
0.00167602160878067,0.00167602159277043,0.00167602160088798
0.00165915740678424,0.00165915739125819,0.0016591573991965
0.00164244082224403,0.00164244080718808,0.00164244081495089
0.0016258710593525,0.00162587104475296,0.00162587105234176
0.00160944731387117,0.00160944729971471,0.00160944730713179
0.00159316877356711,0.00159316875984075,0.0015931687670898
0.00157703461863802,0.00157703460532916,0.00157703461241017
0.00156104402212613,0.00156104400922254,0.00156104401613975
0.0015451961503213,0.00154519613781103,0.00154519614456568
0.00152949016315315,0.0015294901510246,0.00152949015762098
0.00151392521457292,0.00151392520281486,0.00151392520925565
0.00149850045292512,0.00149850044152659,0.00149850044781437
0.00148321502130902,0.00148321501025941,0.00148321501639553
0.00146806805793048,0.00146806804721944,0.00146806805320794
0.00145305869644413,0.00145305868606161,0.00145305869190426
0.00143818606628615,0.0014381860562224,0.00143818606192317
0.00142344929299803,0.00142344928324356,0.00142344928880371
0.00140884749854117,0.00140884748908677,0.00140884749450798
0.00139437980160291,0.00139437979243962,0.00139437979772643
0.00138004531789387,0.001380045309013,0.00138004531416835
0.001365843160437,0.00136584315183009,0.00136584315685531
0.00135177243984832,0.00135177243150718,0.00135177243640656
0.00133783226460985,0.00133783225652649,0.00133783226130088
0.00132402174133449,0.00132402173350119,0.00132402173815384
0.00131033997502351,0.00131033996743273,0.0013103399719661
0.00129678606931628,0.00129678606196072,0.00129678606637668
0.00128335912673293,0.00128335911960551,0.00128335912390561
0.00127005824890978,0.00127005824200361,0.0012700582461916
0.00125688253682777,0.00125688253013617,0.00125688253421355
0.00124383109103411,0.00124383108455058,0.00124383108852059
0.00123090301185729,0.00123090300557553,0.00123090300944095
0.00121809739961554,0.00121809739352941,0.00121809739729212
0.00120541335481891,0.00120541334892248,0.00120541335258462
0.00119284997836522,0.00119284997265275,0.00119284997621689
0.00118040637172994,0.00118040636619581,0.0011804063696628
0.00116808163715003,0.0011680816317888,0.00116808163516233
0.00115587487780211,0.00115587487260853,0.00115587487589083
0.00114378519797497,0.00114378519294391,0.00114378519613675
0.00113181170323647,0.00113181169836297,0.0011318117014682
0.00111995350059518,0.00111995349587442,0.00111995349889402
0.00110820969865664,0.00110820969408393,0.00110820969701964
0.00109657940777454,0.00109657940334535,0.00109657940619952
0.00108506174019691,0.00108506173590684,0.00108506173868152
0.00107365581020736,0.00107365580605213,0.00107365580875021
0.00106236073426156,0.00106236073023702,0.00106236073285958
0.00105117563111906,0.0010511756272212,0.00105117562976968
0.00104009962197057,0.00104009961819548,0.00104009962067264
0.00102913183056079,0.00102913182690467,0.00102913182931191
0.00101827138330683,0.00101827137976604,0.00101827138210536
0.00100751740941261,0.00100751740598354,0.0010075174082553
0.000996869040978811,0.00099686903765804,0.000996869039865109
0.000986325413109135,0.0009863254098933,0.000986325412037178
0.000975885664012378,0.000975885660898251,0.000975885662980569
0.000965548935100882,0.000965548932085285,0.000965548934107802
0.000955314371085035,0.000955314368164921,0.000955314370128676
0.000945181120064325,0.000945181117236719,0.000945181119143254
0.00093514833361469,0.000935148330876729,0.000935148332728244
0.000925215166872533,0.000925215164221416,0.00092521516601908
0.00091538077861523,0.000915380776048262,0.000915380777792824
0.000905644331338468,0.00090564432885302,0.000905644330546074
0.000896004991330276,0.000896004988923807,0.000896004990566454
0.000886461928741981,0.000886461926412029,0.000886461928005913
0.000877014317656116,0.000877014315400282,0.000877014316948144
0.000867661336151315,0.000867661333967282,0.000867661335469477
0.000858402166364356,0.00085840216424988,0.000858402165706915
0.00084923599454937,0.000849235992502276,0.000849235993915502
0.0008401620111343,0.000840162009152476,0.000840162010523414
0.000831179410774682,0.000831179408856085,0.000831179410184735
0.000822287392404831,0.000822287390547475,0.00082228739183636
0.000813485159286483,0.000813485157488433,0.000813485158738018
0.000804771919054935,0.000804771917314331,0.000804771918525446
0.000796146883762819,0.000796146882077869,0.00079614688325113
0.000787609269921562,0.000787609268290502,0.000787609269427988
0.000779158298540459,0.000779158296961599,0.000779158298064943
0.000770793195163641,0.000770793193635337,0.0007707931947043
0.000762513189904816,0.000762513188425474,0.000762513189461966
0.000754317517479937,0.000754317516048005,0.000754317517052586
0.000746205417237806,0.000746205415851785,0.000746205416825053
0.000738176133188712,0.000738176131847142,0.000738176132789821
0.000730228914031097,0.00073022891273258,0.000730228913646304
0.000722363013176393,0.000722363011919576,0.000722363012804698
0.000714577688772017,0.000714577687555575,0.00071457768841246
0.000706872203722556,0.000706872202545206,0.000706872203374016
0.00069924582570924,0.000699245824569746,0.000699245825372521
0.00069169782720777,0.000691697826104922,0.000691697826882304
0.000684227485504445,0.000684227484437085,0.000684227485189801
0.00067683408271077,0.000676834081677776,0.000676834082406277
0.0006695169057765,0.000669516904776782,0.000669516905482129
0.000662275246501188,0.000662275245533679,0.000662275246216093
0.000655108401544248,0.000655108400607937,0.00065510840126827
0.000648015672433697,0.000648015671527578,0.00064801567216622
0.000640996365573414,0.00064099636469653,0.000640996365315102
0.000634049792249156,0.000634049791400582,0.000634049791999193
0.00062717526863327,0.000627175267812097,0.00062717526839124
0.000620372115788123,0.000620372114993472,0.00062037211555363
0.000613639659668344,0.000613639658899365,0.00061363965944107
0.00060697723112188,0.000606977230377756,0.000606977230901626
0.000600384165889934,0.000600384165169869,0.000600384165676288
0.000593859804605767,0.000593859803908999,0.000593859804398647
0.000587403492792471,0.000587403492118248,0.000587403492591662
0.000581014580859642,0.000581014580207255,0.000581014580665021
0.000574692424099139,0.000574692423467879,0.000574692423910332
0.000568436382679771,0.000568436382068963,0.000568436382496262
0.000562245821641115,0.000562245821050104,0.000562245821462609
0.00055612011088639,0.000556120110314549,0.00055612011071296
0.000550058625174486,0.000550058624621186,0.000550058625005852
0.00054406074411107,0.00054406074357572,0.00054406074394675
0.00053812585213894,0.000538125851620971,0.000538125851979494
0.00053225333852757,0.000532253338026412,0.000532253338372361
0.000526442597361841,0.000526442596876951,0.00052644259721113
0.000520693027530062,0.000520693027060926,0.000520693027383758
0.000515004032711291,0.000515004032257406,0.000515004032569176
0.000509375021361944,0.000509375020922815,0.000509375021223904
0.000503805406701719,0.000503805406276871,0.000503805406567408
0.000498294606698911,0.000498294606287876,0.000498294606568452
0.000492842044055063,0.000492842043657399,0.00049284204392782
0.000487447146189059,0.000487447145804343,0.000487447146065169
0.000482109345220644,0.00048210934484845,0.000482109345099749
0.000476828077953337,0.000476828077593263,0.000476828077835278
0.000471602785856865,0.00047160278550852,0.000471602785741675
0.000466432915049056,0.000466432914712063,0.000466432914936962
0.000461317916277253,0.000461317915951244,0.0004613179161677
0.00045625724489924,0.000456257244583859,0.000456257244791841
0.00045125036086372,0.000451250360558627,0.000451250360758979
0.000446296728690371,0.000446296728395225,0.000446296728588189
0.00044139581744944,0.000441395817163925,0.000441395817349699
0.000436547100741004,0.000436547100464801,0.000436547100643978
0.000431750056673763,0.000431750056406583,0.000431750056579253
0.00042700416784357,0.000427004167585111,0.00042700416775119
0.000422308921311498,0.000422308921061482,0.000422308921221266
0.000417663808581663,0.000417663808339812,0.000417663808493569
0.000413068325578671,0.000413068325344721,0.000413068325492219
0.000408521972624783,0.000408521972398482,0.000408521972540373
0.000404024254416801,0.000404024254197899,0.000404024254334511
0.000399574680002652,0.000399574679790907,0.000399574679922212
0.000395172762757722,0.000395172762552903,0.000395172762678763
0.000390818020360951,0.000390818020162833,0.0003908180202832
0.000386509974770677,0.000386509974579044,0.000386509974694197
0.000382248152200268,0.000382248152014909,0.000382248152125821
0.000378032083093547,0.000378032082914252,0.000378032083020688
0.000373861302099993,0.000373861301926568,0.00037386130202835
0.000369735348049796,0.000369735347882048,0.000369735347979749
0.000365653763928703,0.000365653763766449,0.000365653763860135
0.000361616096852719,0.000361616096695781,0.000361616096785929
0.000357621898042651,0.000357621897890859,0.000357621897977171
0.000353670722798518,0.000353670722651697,0.000353670722734234
0.00034976213047379,0.000349762130331784,0.000349762130410537
0.000345895684449571,0.000345895684312218,0.000345895684387615
0.000342070952108603,0.000342070951975754,0.00034207095204794
0.000338287504809209,0.000338287504680723,0.000338287504749554
0.000334544917859145,0.000334544917734871,0.000334544917800488
0.000330842770489322,0.000330842770369123,0.000330842770431754
0.000327180645827497,0.000327180645711242,0.000327180645770978
0.000323558130871882,0.000323558130759441,0.000323558130816366
0.000319974816464685,0.000319974816355931,0.000319974816410266
0.000316430297265602,0.00031643029716042,0.000316430297211921
0.000312924171725275,0.00031292417162355,0.000312924171672807
0.000309456042058712,0.000309456041960322,0.000309456042007172
0.000306025514218643,0.000306025514123485,0.000306025514167994
0.000302632197868907,0.000302632197776873,0.000302632197819081
0.000299275706357783,0.000299275706268769,0.000299275706308673
0.000295955656691318,0.000295955656605235,0.000295955656642949
0.00029267166950669,0.000292671669423432,0.000292671669459139
0.000289423369045502,0.000289423368964975,0.000289423368998773
0.00028621038312714,0.000286210383049261,0.000286210383081201
0.000283032343122144,0.000283032343046822,0.000283032343076788
0.000279888883925563,0.00027988888385272,0.00027988888388094
0.000276779643930381,0.000276779643859933,0.00027677964388639
0.000273704265000936,0.000273704264932806,0.000273704264957805
0.000270662392446395,0.000270662392380509,0.000270662392404034
0.000267653674994272,0.000267653674930554,0.000267653674952479
0.00026467776476398,0.000264677764702357,0.000264677764722977
0.000261734317240434,0.000261734317180837,0.000261734317200057
0.000258822991247718,0.000258822991190083,0.000258822991207712
0.000255943448922814,0.000255943448867073,0.000255943448883238
0.000253095355689376,0.000253095355635465,0.000253095355650358
0.000250278380231583,0.000250278380179445,0.000250278380193359
0.000247492194468074,0.000247492194417645,0.000247492194430564
0.00024473647352592,0.000244736473477154,0.00024473647348874
0.000242010895714739,0.000242010895667576,0.000242010895678338
0.00023931514250082,0.00023931514245521,0.000239315142465054
0.000236648898481388,0.000236648898437278,0.000236648898446001
0.000234011851358925,0.000234011851316266,0.000234011851323979
0.000231403691915598,0.000231403691874341,0.000231403691880943
0.000228824113987772,0.000228824113947873,0.000228824113953741
0.000226272814440632,0.000226272814402048,0.000226272814407038
0.000223749493142901,0.000223749493105585,0.000223749493109868
0.000221253852941647,0.000221253852905559,0.000221253852909151
0.000218785599637217,0.000218785599602316,0.000218785599605066
0.000216344441958263,0.00021634444192451,0.000216344441926627
0.000213930091536887,0.000213930091504245,0.000213930091505816
0.000211542262883896,0.000211542262852328,0.000211542262853085
0.000209180673364165,0.000209180673333636,0.000209180673333729
0.000206845043172128,0.000206845043142603,0.000206845043141878
0.000204535095307377,0.000204535095278825,0.000204535095277616
0.000202250555550391,0.000202250555522779,0.000202250555521031
0.000199991152438381,0.000199991152411677,0.000199991152409304
0.000197756617241255,0.000197756617215429,0.000197756617212726
0.000195546683937718,0.000195546683912742,0.000195546683909587
0.000193361089191496,0.000193361089167341,0.000193361089163693
0.000191199572327682,0.000191199572304321,0.000191199572300236
0.000189061875309222,0.00018906187528663,0.000189061875282209
0.000186947742713527,0.000186947742691678,0.000186947742686957
0.000184856921709216,0.000184856921688082,0.000184856921683033
0.00018278916203299,0.000182789162012551,0.000182789162007096
0.000180744215966654,0.000180744215946887,0.000180744215941032
0.000178721838314262,0.000178721838295144,0.000178721838288893
0.000176721786379402,0.000176721786360912,0.00017672178635429
0.00017474381994262,0.000174743819924738,0.000174743819917764
0.000172787701238982,0.000172787701221689,0.000172787701214386
0.00017085319493578,0.000170853194919056,0.00017085319491148
0.000168940068110365,0.000168940068094192,0.000168940068086364
0.00016704809022814,0.000167048090212498,0.000167048090204406
0.000165177033120676,0.000165177033105546,0.000165177033097295
0.000163326670963977,0.000163326670949343,0.000163326670940914
0.000161496780256895,0.000161496780242741,0.000161496780234104
0.000159687139799677,0.000159687139785988,0.000159687139777195
0.000157897530672662,0.000157897530659423,0.000157897530650581
0.000156127736215123,0.000156127736202318,0.000156127736193229
0.000154377542004243,0.000154377541991859,0.000154377541982623
0.000152646735834249,0.000152646735822274,0.00015264673581282
0.000150935107695687,0.000150935107684103,0.000150935107674534
0.00014924244975483,0.000149242449743624,0.000149242449733893
0.000147568556333247,0.000147568556322408,0.000147568556312518
0.000145913223887512,0.000145913223877028,0.000145913223867016
0.000144276250989058,0.000144276250978917,0.000144276250968738
0.000142657438304169,0.000142657438294362,0.000142657438284054
0.00014105658857414,0.000141056588564653,0.000141056588554303
0.00013947350659555,0.000139473506586373,0.000139473506576017
0.000137907999200709,0.000137907999191832,0.000137907999181393
0.000136359875238237,0.000136359875229649,0.000136359875219236
0.000134828945553785,0.000134828945545478,0.000134828945534932
0.000133315022970917,0.000133315022962881,0.000133315022952397
0.000131817922272117,0.000131817922264345,0.000131817922253885
0.00013033746017996,0.000130337460172441,0.000130337460161913
0.00012887345533841,0.000128873455331136,0.000128873455320496
0.000127425728294273,0.000127425728287239,0.000127425728276512
0.000125994101478799,0.000125994101471994,0.000125994101461217
0.000124578399189411,0.000124578399182829,0.000124578399172194
0.000123178447571596,0.000123178447565226,0.000123178447554557
0.00012179407460092,0.000121794074594756,0.000121794074584087
0.000120425110065204,0.000120425110059242,0.00012042511004867
0.000119071385546837,0.000119071385541068,0.000119071385530405
0.000117732734405221,0.00011773273439964,0.000117732734388908
0.000116408991759373,0.000116408991753974,0.000116408991743274
0.000115099994470656,0.000115099994465434,0.000115099994454701
0.00011380558112566,0.000113805581120607,0.000113805581109968
0.000112525592019213,0.000112525592014324,0.000112525592003715
0.000111259869137542,0.000111259869132811,0.000111259869122174
0.000110008256141566,0.000110008256136988,0.000110008256126432
0.000108770598350331,0.000108770598345902,0.000108770598335388
0.000107546742724587,0.000107546742720301,0.000107546742709934
0.000106336537850491,0.000106336537846344,0.000106336537836032
0.000105139833923459,0.000105139833919447,0.000105139833909069
0.00010395648273215,0.000103956482728268,0.000103956482717934
0.000102786337642584,0.000102786337638827,0.000102786337628465
0.000101629253582397,0.000101629253578762,0.000101629253568427
0.000100485087025232,0.000100485087021714,0.000100485087011441
9.93536959752619e-05,9.93536959718576e-05,9.93536959616129e-05
9.82349399518455e-05,9.8234939948551e-05,9.82349399383797e-05
9.71286799743181e-05,9.71286799711303e-05,9.71286799610789e-05
9.60347785469136e-05,9.60347785438293e-05,9.60347785337974e-05
9.49530996438189e-05,9.49530996408331e-05,9.49530996309034e-05
9.38835086943537e-05,9.38835086914632e-05,9.38835086815902e-05
9.28258725682858e-05,9.28258725654887e-05,9.28258725556115e-05
9.17800595612772e-05,9.17800595585701e-05,9.17800595487284e-05
9.07459393804532e-05,9.07459393778324e-05,9.07459393680076e-05
8.9723383130101e-05,8.97233831275641e-05,8.97233831177848e-05
8.87122632974993e-05,8.87122632950427e-05,8.87122632853453e-05
8.77124537388675e-05,8.77124537364894e-05,8.77124537267985e-05
8.67238296654481e-05,8.67238296631462e-05,8.67238296535485e-05
8.57462676297091e-05,8.57462676274809e-05,8.57462676179472e-05
8.47796455116727e-05,8.47796455095152e-05,8.47796455000329e-05
8.38238425053636e-05,8.38238425032757e-05,8.38238424938267e-05
8.28787391053879e-05,8.2878739103367e-05,8.28787390939603e-05
8.1944217093626e-05,8.19442170916697e-05,8.19442170822953e-05
8.10201595260508e-05,8.10201595241566e-05,8.10201595148885e-05
8.01064507196649e-05,8.01064507178301e-05,8.01064507086197e-05
7.9202976239557e-05,7.92029762377799e-05,7.92029762286322e-05
7.830962288608e-05,7.83096228843581e-05,7.83096228752595e-05
7.74262786821414e-05,7.74262786804746e-05,7.74262786714663e-05
7.65528328606205e-05,7.65528328590065e-05,7.65528328501141e-05
7.56891758518921e-05,7.56891758503292e-05,7.5689175841478e-05
7.4835199271472e-05,7.48351992699579e-05,7.48351992611463e-05
7.39907959077743e-05,7.39907959063073e-05,7.3990795897619e-05
7.31558597099847e-05,7.31558597085635e-05,7.31558596999771e-05
7.23302857760465e-05,7.23302857746702e-05,7.2330285766138e-05
7.15139703407613e-05,7.15139703394275e-05,7.15139703309289e-05
7.0706810763995e-05,7.07068107627036e-05,7.07068107542574e-05
6.99087055190046e-05,6.99087055177538e-05,6.99087055093753e-05
6.91195541808665e-05,6.91195541796545e-05,6.91195541713428e-05
6.83392574150172e-05,6.83392574138436e-05,6.83392574056538e-05
6.7567716965906e-05,6.75677169647687e-05,6.75677169566617e-05
6.68048356457488e-05,6.68048356446469e-05,6.68048356366312e-05
6.60505173233951e-05,6.6050517322327e-05,6.60505173143882e-05
6.53046669132972e-05,6.53046669122617e-05,6.53046669044166e-05
6.45671903645855e-05,6.45671903635826e-05,6.45671903557483e-05
6.38379946502519e-05,6.38379946492807e-05,6.38379946414922e-05
6.31169877564336e-05,6.3116987755492e-05,6.31169877477996e-05
6.2404078671798e-05,6.24040786708855e-05,6.24040786632177e-05
6.16991773770352e-05,6.16991773761508e-05,6.16991773685471e-05
6.10021948344482e-05,6.1002194833591e-05,6.1002194826046e-05
6.0313042977645e-05,6.0313042976814e-05,6.03130429693583e-05
5.96316347013299e-05,5.96316347005246e-05,5.96316346931818e-05
5.89578838511965e-05,5.89578838504149e-05,5.8957883843168e-05
5.82917052139126e-05,5.82917052131549e-05,5.82917052059893e-05
5.76330145072113e-05,5.76330145064767e-05,5.76330144993224e-05
5.69817283700721e-05,5.69817283693602e-05,5.69817283622609e-05
5.63377643530019e-05,5.63377643523116e-05,5.63377643452343e-05
5.57010409084089e-05,5.5701040907739e-05,5.57010409007325e-05
5.507147738107e-05,5.50714773804207e-05,5.50714773734978e-05
5.44489939986971e-05,5.44489939980675e-05,5.44489939912035e-05
5.38335118625902e-05,5.38335118619796e-05,5.38335118551812e-05
5.32249529383861e-05,5.32249529377938e-05,5.32249529310428e-05
5.26232400468977e-05,5.26232400463229e-05,5.26232400396408e-05
5.20282968550433e-05,5.20282968544852e-05,5.20282968478969e-05
5.14400478668659e-05,5.14400478663242e-05,5.14400478598166e-05
5.08584184146431e-05,5.08584184141174e-05,5.08584184076323e-05
5.02833346500831e-05,5.02833346495735e-05,5.02833346431235e-05
4.97147235356115e-05,4.97147235351166e-05,4.97147235288039e-05
4.91525128357394e-05,4.91525128352595e-05,4.91525128289449e-05
4.85966311085252e-05,4.85966311080592e-05,4.85966311017552e-05
4.80470076971139e-05,4.80470076966616e-05,4.80470076905013e-05
4.7503572721368e-05,4.75035727209283e-05,4.75035727148486e-05
4.69662570695763e-05,4.69662570691494e-05,4.69662570631258e-05
4.64349923902508e-05,4.64349923898366e-05,4.64349923838627e-05
4.59097110840043e-05,4.59097110836021e-05,4.59097110776757e-05
4.53903462955079e-05,4.53903462951174e-05,4.53903462892592e-05
4.48768319055328e-05,4.48768319051536e-05,4.48768318993772e-05
4.43691025230695e-05,4.43691025227013e-05,4.43691025170255e-05
4.38670934775291e-05,4.38670934771715e-05,4.38670934715213e-05
4.3370740811022e-05,4.33707408106743e-05,4.33707408050857e-05
4.28799812707142e-05,4.28799812703763e-05,4.28799812648541e-05
4.23947523012631e-05,4.23947523009353e-05,4.2394752295481e-05
4.19149920373304e-05,4.19149920370116e-05,4.19149920316067e-05
4.1440639296167e-05,4.14406392958573e-05,4.14406392905062e-05
4.09716335702786e-05,4.09716335699778e-05,4.09716335646893e-05
4.05079150201636e-05,4.05079150198709e-05,4.05079150146408e-05
4.00494244671235e-05,4.00494244668393e-05,4.00494244616385e-05
3.95961033861511e-05,3.95961033858748e-05,3.95961033807534e-05
3.91478938988874e-05,3.91478938986184e-05,3.91478938935349e-05
3.87047387666518e-05,3.87047387663902e-05,3.87047387613686e-05
3.8266581383545e-05,3.82665813832906e-05,3.82665813783056e-05
3.78333657696211e-05,3.78333657693742e-05,3.78333657644323e-05
3.74050365641324e-05,3.74050365638919e-05,3.74050365590101e-05
3.69815390188388e-05,3.69815390186047e-05,3.69815390137522e-05
3.65628189913912e-05,3.65628189911634e-05,3.65628189863696e-05
3.61488229387804e-05,3.61488229385589e-05,3.61488229338063e-05
3.57394979108554e-05,3.57394979106392e-05,3.57394979059195e-05
3.53347915439041e-05,3.5334791543694e-05,3.5334791539028e-05
3.4934652054308e-05,3.49346520541037e-05,3.4934652049476e-05
3.4539028232256e-05,3.45390282320573e-05,3.45390282274986e-05
3.41478694355262e-05,3.41478694353326e-05,3.41478694307986e-05
3.37611255833309e-05,3.37611255831427e-05,3.37611255786701e-05
3.33787471502279e-05,3.33787471500444e-05,3.33787471456124e-05
3.30006851600908e-05,3.30006851599126e-05,3.30006851555396e-05
3.26268911801481e-05,3.26268911799744e-05,3.26268911756459e-05
3.2257317315078e-05,3.22573173149084e-05,3.22573173106517e-05
3.18919162011684e-05,3.18919162010028e-05,3.18919161968003e-05
3.15306410005369e-05,3.15306410003756e-05,3.15306409961998e-05
3.11734453954124e-05,3.1173445395255e-05,3.11734453911187e-05
3.08202835824731e-05,3.082028358232e-05,3.08202835782308e-05
3.04711102672481e-05,3.04711102670994e-05,3.04711102630567e-05
3.01258806585751e-05,3.012588065843e-05,3.01258806544567e-05
2.9784550463115e-05,2.97845504629734e-05,2.97845504590452e-05
2.94470758799262e-05,2.94470758797881e-05,2.94470758759025e-05
2.91134135950953e-05,2.91134135949608e-05,2.91134135910992e-05
2.87835207764241e-05,2.8783520776293e-05,2.87835207724752e-05
2.84573550681719e-05,2.8457355068044e-05,2.84573550642837e-05
2.81348745858538e-05,2.8134874585729e-05,2.81348745820322e-05
2.78160379110931e-05,2.78160379109713e-05,2.78160379073025e-05
2.75008040865285e-05,2.750080408641e-05,2.75008040827741e-05
2.71891326107755e-05,2.71891326106598e-05,2.71891326070572e-05
2.68809834334396e-05,2.68809834333264e-05,2.68809834297753e-05
2.65763169501821e-05,2.65763169500715e-05,2.65763169465577e-05
2.62750939978399e-05,2.62750939977322e-05,2.62750939942404e-05
2.59772758495959e-05,2.59772758494907e-05,2.59772758460215e-05
2.56828242101997e-05,2.5682824210097e-05,2.56828242066703e-05
2.539170121124e-05,2.53917012111396e-05,2.53917012077638e-05
2.51038694064664e-05,2.51038694063683e-05,2.51038694030128e-05
2.48192917671618e-05,2.48192917670659e-05,2.48192917637292e-05
2.45379316775627e-05,2.45379316774689e-05,2.45379316741662e-05
2.42597529303287e-05,2.42597529302369e-05,2.42597529269844e-05
2.39847197220604e-05,2.39847197219709e-05,2.39847197187552e-05
2.37127966488649e-05,2.37127966487775e-05,2.37127966456327e-05
2.34439487019683e-05,2.34439487018829e-05,2.34439486987766e-05
2.31781412633747e-05,2.31781412632913e-05,2.31781412602383e-05
2.29153401015719e-05,2.29153401014904e-05,2.2915340098461e-05
2.26555113672829e-05,2.2655511367203e-05,2.26555113642104e-05
2.2398621589262e-05,2.23986215891839e-05,2.23986215862183e-05
2.21446376701369e-05,2.21446376700606e-05,2.21446376671235e-05
2.18935268822948e-05,2.18935268822201e-05,2.18935268793284e-05
2.16452568638117e-05,2.16452568637388e-05,2.16452568608833e-05
2.13997956144269e-05,2.13997956143554e-05,2.1399795611529e-05
2.11571114915587e-05,2.11571114914887e-05,2.11571114886991e-05
2.09171732063641e-05,2.09171732062956e-05,2.09171732035189e-05
2.06799498198406e-05,2.06799498197733e-05,2.06799498170286e-05
2.04454107389686e-05,2.04454107389026e-05,2.04454107361723e-05
2.0213525712897e-05,2.02135257128325e-05,2.02135257101393e-05
1.99842648291689e-05,1.99842648291057e-05,1.99842648264418e-05
1.97575985099869e-05,1.97575985099254e-05,1.97575985072885e-05
1.95334975085212e-05,1.95334975084609e-05,1.9533497505862e-05
1.93119329052537e-05,1.93119329051946e-05,1.93119329026247e-05
1.90928761043645e-05,1.90928761043068e-05,1.90928761017711e-05
1.88762988301564e-05,1.88762988300997e-05,1.88762988275809e-05
1.86621731235166e-05,1.86621731234612e-05,1.86621731209727e-05
1.84504713384191e-05,1.84504713383649e-05,1.84504713359064e-05
1.82411661384627e-05,1.82411661384093e-05,1.82411661359787e-05
1.80342304934466e-05,1.80342304933942e-05,1.80342304909923e-05
1.78296376759842e-05,1.78296376759327e-05,1.78296376735531e-05
1.76273612581517e-05,1.76273612581015e-05,1.76273612557472e-05
1.74273751081756e-05,1.74273751081263e-05,1.7427375105791e-05
1.7229653387153e-05,1.72296533871044e-05,1.72296533847928e-05
1.70341705458085e-05,1.70341705457606e-05,1.70341705434697e-05
1.6840901321287e-05,1.684090132124e-05,1.68409013189801e-05
1.66498207339806e-05,1.66498207339344e-05,1.6649820731696e-05
1.64609040843893e-05,1.64609040843443e-05,1.64609040821345e-05
1.62741269500176e-05,1.62741269499736e-05,1.62741269477849e-05
1.60894651823026e-05,1.60894651822593e-05,1.60894651800951e-05
1.59068949035756e-05,1.59068949035332e-05,1.59068949013928e-05
1.57263925040588e-05,1.57263925040171e-05,1.57263925018953e-05
1.5547934638892e-05,1.55479346388511e-05,1.55479346367546e-05
1.53714982251939e-05,1.53714982251535e-05,1.53714982230953e-05
1.51970604391526e-05,1.51970604391131e-05,1.51970604370829e-05
1.50245987131514e-05,1.50245987131125e-05,1.50245987111039e-05
1.48540907329219e-05,1.48540907328837e-05,1.48540907308997e-05
1.46855144347314e-05,1.46855144346939e-05,1.46855144327327e-05
1.45188480025986e-05,1.45188480025619e-05,1.45188480006266e-05
1.43540698655413e-05,1.43540698655052e-05,1.43540698635913e-05
1.41911586948528e-05,1.41911586948172e-05,1.4191158692913e-05
1.40300934014083e-05,1.40300934013734e-05,1.40300933994946e-05
1.38708531330019e-05,1.38708531329675e-05,1.38708531311099e-05
1.37134172717105e-05,1.37134172716766e-05,1.37134172698394e-05
1.35577654312883e-05,1.3557765431255e-05,1.35577654294341e-05
1.34038774545888e-05,1.34038774545562e-05,1.34038774527504e-05
1.32517334110154e-05,1.32517334109835e-05,1.32517334092087e-05
1.3101313594e-05,1.31013135939685e-05,1.31013135922104e-05
1.29525985185079e-05,1.29525985184769e-05,1.29525985167407e-05
1.28055689185716e-05,1.28055689185412e-05,1.28055689168324e-05
1.2660205744851e-05,1.26602057448212e-05,1.26602057431282e-05
1.25164901622201e-05,1.25164901621906e-05,1.25164901605245e-05
1.23744035473796e-05,1.23744035473507e-05,1.23744035457036e-05
1.22339274864976e-05,1.2233927486469e-05,1.22339274848258e-05
1.20950437728732e-05,1.20950437728452e-05,1.20950437712229e-05
1.19577344046289e-05,1.19577344046013e-05,1.19577344029896e-05
1.18219815824255e-05,1.18219815823983e-05,1.18219815808024e-05
1.16877677072042e-05,1.16877677071774e-05,1.16877677056035e-05
1.15550753779519e-05,1.15550753779255e-05,1.15550753763665e-05
1.14238873894919e-05,1.1423887389466e-05,1.1423887387932e-05
1.12941867302992e-05,1.12941867302736e-05,1.12941867287526e-05
1.1165956580338e-05,1.11659565803129e-05,1.11659565788095e-05
1.10391803089255e-05,1.10391803089008e-05,1.10391803074122e-05
1.09138414726174e-05,1.0913841472593e-05,1.09138414711207e-05
1.07899238131165e-05,1.07899238130925e-05,1.07899238116395e-05
1.06674112552058e-05,1.06674112551822e-05,1.0667411253747e-05
1.05462879047031e-05,1.05462879046799e-05,1.05462879032609e-05
1.04265380464386e-05,1.04265380464157e-05,1.04265380450126e-05
1.03081461422542e-05,1.03081461422317e-05,1.03081461408452e-05
1.0191096829026e-05,1.01910968290037e-05,1.01910968276398e-05
1.00753749167069e-05,1.0075374916685e-05,1.00753749153333e-05
9.96096538639267e-06,9.96096538637105e-06,9.96096538503574e-06
9.84785338840769e-06,9.84785338838626e-06,9.84785338706317e-06
9.7360242404125e-06,9.73602424039142e-06,9.7360242390849e-06
9.62546342553267e-06,9.62546342551188e-06,9.62546342421944e-06
9.51615659050734e-06,9.51615659048692e-06,9.51615658921023e-06
9.40808954385906e-06,9.40808954383896e-06,9.40808954256989e-06
9.30124825408311e-06,9.30124825406341e-06,9.30124825281595e-06
9.19561884785749e-06,9.1956188478381e-06,9.19561884660551e-06
9.0911876082722e-06,9.09118760825298e-06,9.09118760703031e-06
8.98794097307791e-06,8.98794097305894e-06,8.9879409718495e-06
8.88586553295473e-06,8.885865532936e-06,8.88586553174397e-06
8.78494802979934e-06,8.78494802978097e-06,8.78494802860198e-06
8.6851753550319e-06,8.68517535501374e-06,8.6851753538479e-06
8.58653454792056e-06,8.58653454790264e-06,8.58653454675039e-06
8.48901279392557e-06,8.48901279390781e-06,8.48901279276921e-06
8.39259742306084e-06,8.39259742304338e-06,8.39259742192277e-06
8.29727590827441e-06,8.29727590825736e-06,8.29727590714283e-06
8.20303586384684e-06,8.20303586382986e-06,8.20303586272796e-06
8.10986504380599e-06,8.10986504378915e-06,8.10986504270453e-06
8.01775134036099e-06,8.0177513403444e-06,8.01775133926763e-06
7.92668278235304e-06,7.92668278233664e-06,7.92668278127076e-06
7.83664753372302e-06,7.83664753370675e-06,7.83664753265716e-06
7.74763389199611e-06,7.74763389198018e-06,7.7476338909366e-06
7.65963028678397e-06,7.65963028676841e-06,7.65963028573422e-06
7.57262527830288e-06,7.57262527828753e-06,7.57262527726189e-06
7.48660755590799e-06,7.48660755589291e-06,7.48660755487296e-06
7.40156593664475e-06,7.40156593662985e-06,7.40156593561844e-06
7.31748936381563e-06,7.3174893638009e-06,7.31748936280338e-06
7.23436690556312e-06,7.23436690554859e-06,7.23436690455996e-06
7.1521877534685e-06,7.15218775345417e-06,7.15218775247808e-06
7.07094122116596e-06,7.07094122115186e-06,7.07094122019079e-06
6.99061674297236e-06,6.99061674295844e-06,6.99061674201245e-06
6.91120387253191e-06,6.91120387251817e-06,6.91120387158494e-06
6.83269228147622e-06,6.83269228146261e-06,6.83269228053706e-06
6.75507175809893e-06,6.75507175808547e-06,6.75507175717063e-06
6.67833220604536e-06,6.67833220603207e-06,6.67833220512932e-06
6.60246364301663e-06,6.60246364300352e-06,6.60246364211719e-06
6.52745619948816e-06,6.5274561994752e-06,6.52745619860156e-06
6.45330011744237e-06,6.45330011742958e-06,6.45330011657261e-06
6.37998574911565e-06,6.37998574910304e-06,6.37998574825395e-06
6.30750355575916e-06,6.3075035557467e-06,6.30750355489873e-06
6.23584410641337e-06,6.23584410640108e-06,6.2358441055572e-06
6.1649980766964e-06,6.16499807668427e-06,6.16499807584866e-06
6.09495624760575e-06,6.09495624759376e-06,6.09495624677176e-06
6.02570950433334e-06,6.02570950432151e-06,6.02570950350672e-06
5.95724883509385e-06,5.9572488350822e-06,5.95724883427584e-06
5.88956532996611e-06,5.88956532995463e-06,5.88956532915547e-06
5.82265017974733e-06,5.82265017973599e-06,5.82265017894605e-06
5.75649467482014e-06,5.75649467480888e-06,5.75649467403133e-06
5.69109020403212e-06,5.69109020402098e-06,5.69109020325187e-06
5.62642825358811e-06,5.62642825357714e-06,5.62642825281467e-06
5.56250040595476e-06,5.56250040594395e-06,5.56250040518753e-06
5.49929833877715e-06,5.4992983387665e-06,5.49929833801955e-06
5.43681382380775e-06,5.43681382379718e-06,5.43681382305744e-06
5.37503872584693e-06,5.37503872583648e-06,5.37503872510711e-06
5.31396500169567e-06,5.31396500168546e-06,5.31396500096722e-06
5.25358469912014e-06,5.25358469911009e-06,5.2535846983989e-06
5.19388995582726e-06,5.19388995581726e-06,5.19388995511575e-06
5.13487299845186e-06,5.13487299844195e-06,5.1348729977449e-06
5.07652614155546e-06,5.0765261415457e-06,5.07652614085486e-06
5.01884178663614e-06,5.01884178662649e-06,5.01884178594355e-06
4.96181242114918e-06,4.96181242113968e-06,4.96181242046618e-06
4.90543061753909e-06,4.90543061752965e-06,4.90543061686241e-06
4.84968903228188e-06,4.84968903227255e-06,4.84968903161483e-06
4.79458040493861e-06,4.79458040492945e-06,4.79458040428249e-06
4.74009755721941e-06,4.74009755721029e-06,4.74009755657186e-06
4.6862333920574e-06,4.68623339204839e-06,4.68623339141606e-06
4.63298089269379e-06,4.63298089268491e-06,4.63298089205683e-06
4.58033312177274e-06,4.58033312176395e-06,4.58033312114592e-06
4.52828322044631e-06,4.52828322043761e-06,4.5282832198251e-06
4.47682440748967e-06,4.47682440748105e-06,4.47682440687751e-06
4.42594997842591e-06,4.42594997841748e-06,4.42594997782201e-06
4.37565330466128e-06,4.37565330465289e-06,4.37565330406404e-06
4.32592783262893e-06,4.32592783262071e-06,4.32592783203577e-06
4.27676708294367e-06,4.27676708293555e-06,4.27676708235672e-06
4.22816464956503e-06,4.22816464955701e-06,4.22816464898547e-06
4.18011419897034e-06,4.18011419896238e-06,4.18011419839684e-06
4.13260946933668e-06,4.13260946932888e-06,4.13260946876778e-06
4.08564426973255e-06,4.08564426972482e-06,4.0856442691726e-06
4.03921247931779e-06,4.03921247931019e-06,4.03921247876723e-06
3.99330804655331e-06,3.99330804654578e-06,3.99330804600574e-06
3.94792498841903e-06,3.94792498841155e-06,3.94792498787755e-06
3.90305738964087e-06,3.90305738963343e-06,3.9030573891062e-06
3.85869940192637e-06,3.85869940191903e-06,3.85869940139843e-06
3.81484524320894e-06,3.81484524320169e-06,3.81484524268806e-06
3.77148919690048e-06,3.77148919689334e-06,3.77148919638475e-06
3.72862561115243e-06,3.72862561114538e-06,3.72862561064271e-06
3.68624889812506e-06,3.68624889811812e-06,3.68624889761707e-06
3.64435353326507e-06,3.6443535332582e-06,3.64435353276298e-06
3.60293405459112e-06,3.60293405458433e-06,3.60293405409536e-06
3.56198506198754e-06,3.56198506198082e-06,3.5619850614955e-06
3.52150121650586e-06,3.52150121649922e-06,3.52150121602084e-06
3.48147723967429e-06,3.48147723966769e-06,3.48147723919725e-06
3.44190791281471e-06,3.44190791280822e-06,3.44190791234141e-06
3.40278807636771e-06,3.40278807636132e-06,3.40278807590039e-06
3.3641126292249e-06,3.36411262921859e-06,3.36411262876228e-06
3.32587652806876e-06,3.32587652806254e-06,3.32587652761193e-06
3.28807478672004e-06,3.28807478671387e-06,3.2880747862693e-06
3.25070247549228e-06,3.25070247548621e-06,3.25070247504628e-06
3.21375472055391e-06,3.21375472054786e-06,3.21375472011392e-06
3.17722670329695e-06,3.17722670329101e-06,3.17722670285987e-06
3.14111365971361e-06,3.14111365970774e-06,3.14111365928233e-06
3.10541087977913e-06,3.10541087977331e-06,3.10541087935139e-06
3.07011370684191e-06,3.07011370683616e-06,3.07011370642287e-06
3.03521753702056e-06,3.03521753701487e-06,3.03521753660592e-06
3.0007178186075e-06,3.0007178186019e-06,3.00071781819645e-06
2.96661005147954e-06,2.96661005147397e-06,2.96661005107457e-06
2.93288978651471e-06,2.93288978650921e-06,2.93288978611518e-06
2.89955262501604e-06,2.89955262501061e-06,2.899552624621e-06
2.86659421814158e-06,2.86659421813622e-06,2.86659421775028e-06
2.83401026634097e-06,2.83401026633564e-06,2.8340102659546e-06
2.80179651879808e-06,2.80179651879282e-06,2.80179651841598e-06
2.76994877288031e-06,2.76994877287513e-06,2.76994877250496e-06
2.73846287359384e-06,2.73846287358872e-06,2.73846287322124e-06
2.70733471304498e-06,2.70733471303994e-06,2.70733471267613e-06
2.67656022990773e-06,2.67656022990276e-06,2.67656022954208e-06
2.64613540889728e-06,2.64613540889232e-06,2.646135408535e-06
2.6160562802492e-06,2.61605628024433e-06,2.61605627989103e-06
2.58631891920502e-06,2.5863189192002e-06,2.58631891885162e-06
2.55691944550304e-06,2.55691944549829e-06,2.55691944515523e-06
2.52785402287529e-06,2.52785402287055e-06,2.52785402253157e-06
2.49911885854972e-06,2.49911885854505e-06,2.49911885820821e-06
2.47071020275857e-06,2.47071020275395e-06,2.47071020241974e-06
2.44262434825173e-06,2.44262434824717e-06,2.44262434791765e-06
2.41485762981591e-06,2.41485762981141e-06,2.41485762948634e-06
2.3874064237991e-06,2.38740642379465e-06,2.3874064234731e-06
2.36026714764039e-06,2.360267147636e-06,2.36026714731655e-06
